{"A":{"9":0.5936127527,"10":0.2769969051,"27":-0.0412638607,"39":-0.8209775777},"B":{"9":-0.5423635813,"10":0.7896671305,"27":0.2958843212,"39":-1.0997420126},"C":{"9":-1.7196723786,"10":0.3220741136,"27":-0.4252799881,"39":0.0867298289},"D":{"9":-0.5789087862,"10":0.700392377,"27":1.7276391202,"39":0.4562870104},"E":{"9":1.4269485506,"10":0.3887166323,"27":-0.8683525728,"39":0.4310333031}}